ID	住宅名 (Building Name)	地域 (Ward)	優先種別 (Priority Type)	住宅種別 (Housing Type)	間取り (Floor Plan)	床面積 (Area)	床面積㎡ (Area sqm)	家賃 (Rent)	家賃円 (Rent ¥)	共益費円 (Mgmt Fee ¥)	敷金円 (Deposit ¥)	入居可能日 (Available From)	住所 (Address)	竣工年 (Built Year)	月額合計円 (Total Monthly ¥)	ソース (Source)	階 (Floor)	アクセス (Train Access)	詳細URL (Detail URL)	緯度 (Latitude)	経度 (Longitude)	Googleマップ (Google Maps)	初回確認 (First Seen UTC)	最終確認 (Last Seen UTC)	新橋駅距離km (Dist to Shimbashi km)	新橋駅電車分 (Train min to Shimbashi)
ur_d314a59b97667afb	シティコート下連雀　3号棟511号室	三鷹市		UR賃貸住宅	1LDK	54㎡	54.0	147700円	147700	4800	295400	随時	三鷹市下連雀5-8	1997	152500	UR	5	JR中央線「吉祥寺」駅バス6分 徒歩1～2分, JR中央線「三鷹」駅 徒歩24分, 京王井の頭線「三鷹台」駅 徒歩29～30分	https://www.ur-net.go.jp/chintai/kanto/tokyo/20_5570_room.html?JKSS=000030511	35.689045	139.569824	https://maps.google.com/?q=35.689045,139.569824	2026-07-23T09:38:16Z	2026-07-23T15:19:11Z	18.0	45
ur_743b39241c08ac48	三鷹台　14号棟606号室	三鷹市		UR賃貸住宅	1LDK	56㎡	56.0	147700円	147700	6200	295400	随時	三鷹市牟礼2-14	2009	153900	UR	6	JR中央線「三鷹」駅バス12分 徒歩4～9分, JR中央線「吉祥寺」駅バス11分 徒歩2～8分, 京王井の頭線「三鷹台」駅 徒歩14～18分	https://www.ur-net.go.jp/chintai/kanto/tokyo/20_6601_room.html?JKSS=000140606	35.687134	139.580383	https://maps.google.com/?q=35.687134,139.580383	2026-07-23T07:37:01Z	2026-07-23T15:19:11Z	18.0	45
ur_35cba0c520e7da74	牟礼　1号棟509号室	三鷹市		UR賃貸住宅	3LDK	77㎡	77.0	187000円	187000	7400	374000	随時	三鷹市牟礼6-23	2004	194400	UR	5	JR中央線「吉祥寺」駅バス8分 徒歩3～5分, JR中央線「三鷹」駅バス7分 徒歩3～5分, 京王井の頭線「久我山」駅バス10分 徒歩6～7分	https://www.ur-net.go.jp/chintai/kanto/tokyo/20_6690_room.html?JKSS=000010509	35.687241	139.572784	https://maps.google.com/?q=35.687241,139.572784	2026-07-23T03:44:03Z	2026-07-23T15:19:11Z	18.0	45
ur_4d86394b1b085469	成城通りパークウエスト　3号棟217号室	世田谷区		UR賃貸住宅	1DK	47㎡	47.0	142600円	142600	3800	285200	随時	世田谷区上祖師谷4-2	1991	146400	UR	2	小田急小田原線「成城学園前」駅バス7分 徒歩2～3分 または「成城学園前」駅 徒歩21分, 京王線「千歳烏山」駅バス12分 徒歩2～3分	https://www.ur-net.go.jp/chintai/kanto/tokyo/20_4600_room.html?JKSS=000030217	35.653099	139.596817	https://maps.google.com/?q=35.653099,139.596817	2026-07-23T11:38:34Z	2026-07-23T15:19:11Z	9.7	34
c36194ad02d7356b	カーメスト用賀馬事公苑 1-307	世田谷区	一般	一般賃貸住宅（期限付）	1LDK	45.7	45.7	215700	215700	10000	647100	即入居可	世田谷区上用賀四丁目１７番１号	2025	225700	JKK	3		https://www.to-kousya.or.jp/chintai/reco/c_yogabajikoen.html	35.636436581521146	139.63085088622978	https://maps.google.com/?q=35.636436581521146,139.63085088622978	2026-07-17T06:20:12Z	2026-07-18T22:28:16Z	9.7	34
4219faa94132ea52	カーメスト用賀馬事公苑 1-415	世田谷区	一般	一般賃貸住宅（期限付）	1LDK	45.7	45.7	218600	218600	10000	655800	即入居可	世田谷区上用賀四丁目１７番１号	2025	228600	JKK	4		https://www.to-kousya.or.jp/chintai/reco/c_yogabajikoen.html	35.636436581521146	139.63085088622978	https://maps.google.com/?q=35.636436581521146,139.63085088622978	2026-06-24T07:56:50Z	2026-07-18T22:28:16Z	9.7	34
ur_41b2de47eae167a8	シティコート世田谷給田　D号棟404号室	世田谷区		UR賃貸住宅	2DK	54㎡	54.0	166500円	166500	8100	333000	随時	世田谷区給田5-8-5	1998	174600	UR	4	京王線「千歳烏山」駅バス4分 徒歩2～4分, 京王線「仙川」駅 徒歩15～18分	https://www.ur-net.go.jp/chintai/kanto/tokyo/20_5780_room.html?JKSS=000D00404	35.671482	139.586853	https://maps.google.com/?q=35.671482,139.586853	2026-07-20T15:12:40Z	2026-07-23T15:19:11Z	9.7	34
511fcde968457120	カーメスト用賀馬事公苑 1-104	世田谷区	一般	一般賃貸住宅（期限付）	2LDK	54.52	54.52	245300	245300	10000	735900	即入居可	世田谷区上用賀四丁目１７番１号	2025	255300	JKK	1		https://www.to-kousya.or.jp/chintai/reco/c_yogabajikoen.html	35.636436581521146	139.63085088622978	https://maps.google.com/?q=35.636436581521146,139.63085088622978	2026-06-24T07:56:50Z	2026-07-18T22:28:16Z	9.7	34
a4eda47bb862bce4	カーメスト用賀馬事公苑 1-403	世田谷区	一般	一般賃貸住宅（期限付）	2LDK	54.52	54.52	266400	266400	10000	799200	即入居可	世田谷区上用賀四丁目１７番１号	2025	276400	JKK	4		https://www.to-kousya.or.jp/chintai/reco/c_yogabajikoen.html	35.636436581521146	139.63085088622978	https://maps.google.com/?q=35.636436581521146,139.63085088622978	2026-05-31T03:05:08Z	2026-07-18T22:28:16Z	9.7	34
84d29d30790bdc9b	カーメスト用賀馬事公苑 1-301	世田谷区	一般	一般賃貸住宅（期限付）	2LDK	56.76	56.76	273700	273700	10000	821100	即入居可	世田谷区上用賀四丁目１７番１号	2025	283700	JKK	3		https://www.to-kousya.or.jp/chintai/reco/c_yogabajikoen.html	35.636436581521146	139.63085088622978	https://maps.google.com/?q=35.636436581521146,139.63085088622978	2026-07-17T08:05:05Z	2026-07-18T22:28:16Z	9.7	34
ur_8fdb4d6933b382eb	経堂赤堤通り　8号棟201号室	世田谷区		UR賃貸住宅	2LDK	57㎡	57.0	190100円	190100	5150	380200	随時	世田谷区桜上水1-1	1994	195250	UR	2	小田急小田原線「経堂」駅 徒歩10～14分, 東急世田谷線「松原」駅 徒歩11～12分, 京王線「桜上水」駅 徒歩15～18分	https://www.ur-net.go.jp/chintai/kanto/tokyo/20_5000_room.html?JKSS=000080201	35.658852	139.632675	https://maps.google.com/?q=35.658852,139.632675	2026-07-23T07:37:01Z	2026-07-23T15:19:11Z	9.7	34
eb02a9d1d241f8b4	カーメスト用賀馬事公苑 1-212	世田谷区	一般	一般賃貸住宅（期限付）	2LDK	60.51	60.51	286400	286400	10000	859200	即入居可	世田谷区上用賀四丁目１７番１号	2025	296400	JKK	2		https://www.to-kousya.or.jp/chintai/reco/c_yogabajikoen.html	35.636436581521146	139.63085088622978	https://maps.google.com/?q=35.636436581521146,139.63085088622978	2026-05-31T03:05:08Z	2026-07-18T22:28:16Z	9.7	34
ur_886ae4d48bc0fdb1	スクエアー世田谷桜丘　428号室	世田谷区		UR賃貸住宅	2LDK	64㎡	64.0	175500円	175500	8300	351000	随時	世田谷区桜丘1-2-20	1997	183800	UR	4	小田急小田原線｢千歳船橋｣駅 徒歩12分, 小田急小田原線｢経堂｣駅 徒歩15分	https://www.ur-net.go.jp/chintai/kanto/tokyo/20_5590_room.html?JKSS=000000428	35.644039	139.631256	https://maps.google.com/?q=35.644039,139.631256	2026-07-23T09:38:16Z	2026-07-23T15:19:11Z	9.7	34
6e465a3952613249	カーメスト用賀馬事公苑 1-204	世田谷区	一般	一般賃貸住宅（期限付）	3LDK	64.16	64.16	298000	298000	10000	894000	即入居可	世田谷区上用賀四丁目１７番１号	2025	308000	JKK	2		https://www.to-kousya.or.jp/chintai/reco/c_yogabajikoen.html	35.636436581521146	139.63085088622978	https://maps.google.com/?q=35.636436581521146,139.63085088622978	2026-05-31T03:05:08Z	2026-07-18T22:28:16Z	9.7	34
25017100a3554ae4	カーメスト用賀馬事公苑 1-102	世田谷区	一般	一般賃貸住宅（期限付）	3LDK	65.27	65.27	297500	297500	10000	892500	即入居可	世田谷区上用賀四丁目１７番１号	2025	307500	JKK	1		https://www.to-kousya.or.jp/chintai/reco/c_yogabajikoen.html	35.636436581521146	139.63085088622978	https://maps.google.com/?q=35.636436581521146,139.63085088622978	2026-05-31T03:05:08Z	2026-07-18T22:28:16Z	9.7	34
e2deb918a2aa79cc	カーメスト用賀馬事公苑 1-206	世田谷区	一般	一般賃貸住宅（期限付）	3LDK	65.27	65.27	304500	304500	10000	913500	即入居可	世田谷区上用賀四丁目１７番１号	2025	314500	JKK	2		https://www.to-kousya.or.jp/chintai/reco/c_yogabajikoen.html	35.636436581521146	139.63085088622978	https://maps.google.com/?q=35.636436581521146,139.63085088622978	2026-05-31T03:05:08Z	2026-07-18T22:28:16Z	9.7	34
2c75bb74948df1dc	カーメスト用賀馬事公苑 1-209	世田谷区	一般	一般賃貸住宅（期限付）	3LDK	65.27	65.27	304500	304500	10000	913500	即入居可	世田谷区上用賀四丁目１７番１号	2025	314500	JKK	2		https://www.to-kousya.or.jp/chintai/reco/c_yogabajikoen.html	35.636436581521146	139.63085088622978	https://maps.google.com/?q=35.636436581521146,139.63085088622978	2026-05-31T03:05:08Z	2026-07-18T22:28:16Z	9.7	34
557416acea09e927	カーメスト用賀馬事公苑 1-306	世田谷区	一般	一般賃貸住宅（期限付）	3LDK	65.27	65.27	308700	308700	10000	926100	即入居可	世田谷区上用賀四丁目１７番１号	2025	318700	JKK	3		https://www.to-kousya.or.jp/chintai/reco/c_yogabajikoen.html	35.636436581521146	139.63085088622978	https://maps.google.com/?q=35.636436581521146,139.63085088622978	2026-05-31T03:05:08Z	2026-07-18T22:28:16Z	9.7	34
cc94b43f59fdd0df	カーメスト用賀馬事公苑 1-115	世田谷区	一般	一般賃貸住宅（期限付）	3LDK	66.33	66.33	313800	313800	10000	941400	即入居可	世田谷区上用賀四丁目１７番１号	2025	323800	JKK	1		https://www.to-kousya.or.jp/chintai/reco/c_yogabajikoen.html	35.636436581521146	139.63085088622978	https://maps.google.com/?q=35.636436581521146,139.63085088622978	2026-05-31T03:05:08Z	2026-07-18T22:28:16Z	9.7	34
8ca6ae8f959c3019	カーメスト用賀馬事公苑 1-323	世田谷区	一般	一般賃貸住宅（期限付）	3LDK	66.33	66.33	325200	325200	10000	975600	即入居可	世田谷区上用賀四丁目１７番１号	2025	335200	JKK	3		https://www.to-kousya.or.jp/chintai/reco/c_yogabajikoen.html	35.636436581521146	139.63085088622978	https://maps.google.com/?q=35.636436581521146,139.63085088622978	2026-05-31T03:05:08Z	2026-07-18T22:28:16Z	9.7	34
81fd6fb83e24e75b	カーメスト用賀馬事公苑 1-418	世田谷区	一般	一般賃貸住宅（期限付）	3LDK	66.33	66.33	336600	336600	10000	1009800	即入居可	世田谷区上用賀四丁目１７番１号	2025	346600	JKK	4		https://www.to-kousya.or.jp/chintai/reco/c_yogabajikoen.html	35.636436581521146	139.63085088622978	https://maps.google.com/?q=35.636436581521146,139.63085088622978	2026-06-05T01:35:00Z	2026-07-18T22:28:16Z	9.7	34
10cb0b702cb3e447	カーメスト用賀馬事公苑 1-303	世田谷区	一般	一般賃貸住宅（期限付）	3LDK	75.68	75.68	362500	362500	10000	1087500	即入居可	世田谷区上用賀四丁目１７番１号	2025	372500	JKK	3		https://www.to-kousya.or.jp/chintai/reco/c_yogabajikoen.html	35.636436581521146	139.63085088622978	https://maps.google.com/?q=35.636436581521146,139.63085088622978	2026-05-31T03:05:08Z	2026-07-18T22:28:16Z	9.7	34
ur_3f6b030b9c0cf79a	ビュータワー八王子　1809号室	八王子市		UR賃貸住宅	1LDK	50㎡	50.0	116100円	116100	7600	232200	随時	八王子市八日町8-1	2003	123700	UR	18	JR中央線ほか｢八王子｣駅 徒歩13分, 京王線｢京王八王子｣駅 徒歩15分	https://www.ur-net.go.jp/chintai/kanto/tokyo/20_6640_room.html?JKSS=000001809	35.660206	139.331146	https://maps.google.com/?q=35.660206,139.331146	2026-07-23T09:38:16Z	2026-07-23T15:19:11Z	39.8	85
ur_d62b3d4a71881c30	八王子パークヒル 宇津木台　511号室	八王子市		UR賃貸住宅	1LDK	51㎡	51.0	87600円	87600	4200	175200	随時	八王子市久保山町2ほか	1991	91800	UR	5	JR八高線「小宮」駅 徒歩11～16分, JR中央線「日野」駅バス13分 徒歩3～5分, JR中央線「八王子」・京王線「京王八王子」駅バス22～24分 徒歩3～5分	https://www.ur-net.go.jp/chintai/kanto/tokyo/20_4080_room.html?JKSS=109010511	35.686413	139.355515	https://maps.google.com/?q=35.686413,139.355515	2026-07-21T09:38:48Z	2026-07-23T15:19:11Z	39.8	85
ur_cb576d300880369c	館ヶ丘　2-11号棟1118号室	八王子市		UR賃貸住宅	2DK	49㎡	49.0	57600円	57600	4500	115200	随時	八王子市館町1097	1976	62100	UR	11	JR中央線「高尾」駅バス7分 徒歩1～11分, 京王高尾線「高尾」駅バス7分 徒歩1～11分, JR中央本線「高尾」駅 徒歩29～38分	https://www.ur-net.go.jp/chintai/kanto/tokyo/20_2600_room.html?JKSS=002111118	35.629959	139.284119	https://maps.google.com/?q=35.629959,139.284119	2026-07-21T07:38:44Z	2026-07-23T15:19:11Z	39.8	85
ur_8c5687875bb40cf2	八王子パークヒル 宇津木台　154号棟507号室	八王子市		UR賃貸住宅	2LDK	68㎡	68.0	93100円	93100	4200	186200	随時	八王子市久保山町2ほか	1992	97300	UR	5	JR八高線「小宮」駅 徒歩11～16分, JR中央線「日野」駅バス13分 徒歩3～5分, JR中央線「八王子」・京王線「京王八王子」駅バス22～24分 徒歩3～5分	https://www.ur-net.go.jp/chintai/kanto/tokyo/20_4080_room.html?JKSS=191540507	35.686413	139.355515	https://maps.google.com/?q=35.686413,139.355515	2026-07-06T09:36:32Z	2026-07-23T15:19:11Z	39.8	85
ur_28585e70457c3524	多摩ニュータウン 南大沢学園二番街　6号棟202号室	八王子市		UR賃貸住宅	2LDK	75㎡	75.0			4400		随時	八王子市上柚木3-5	1994		UR	2	京王相模原線「南大沢」駅 徒歩11～14分, 京王線「聖蹟桜ヶ丘」駅バス28分 徒歩5～7分, 京王相模原線「多摩境」駅 徒歩27～30分	https://www.ur-net.go.jp/chintai/kanto/tokyo/20_5070_room.html?JKSS=000060202	35.616093	139.372635	https://maps.google.com/?q=35.616093,139.372635	2026-07-19T11:38:08Z	2026-07-23T15:19:11Z	39.8	85
ur_93095d51cf9ec626	館ヶ丘　3-6号棟309号室	八王子市		UR賃貸住宅	3K	48㎡	48.0	56200円	56200	4500	112400	随時	八王子市館町1097	1975	60700	UR	3	JR中央線「高尾」駅バス7分 徒歩1～11分, 京王高尾線「高尾」駅バス7分 徒歩1～11分, JR中央本線「高尾」駅 徒歩29～38分	https://www.ur-net.go.jp/chintai/kanto/tokyo/20_2600_room.html?JKSS=003060309	35.629959	139.284119	https://maps.google.com/?q=35.629959,139.284119	2026-07-22T03:42:12Z	2026-07-23T15:19:11Z	39.8	85
ur_73052ab29f3890af	館ヶ丘　3-6号棟310号室	八王子市		UR賃貸住宅	3K	48㎡	48.0	56200円	56200	4500	112400	随時	八王子市館町1097	1975	60700	UR	3	JR中央線「高尾」駅バス7分 徒歩1～11分, 京王高尾線「高尾」駅バス7分 徒歩1～11分, JR中央本線「高尾」駅 徒歩29～38分	https://www.ur-net.go.jp/chintai/kanto/tokyo/20_2600_room.html?JKSS=003060310	35.629959	139.284119	https://maps.google.com/?q=35.629959,139.284119	2026-07-23T07:37:01Z	2026-07-23T15:19:11Z	39.8	85
6ec1effff246b5b1	松が谷 49-4-503	八王子市	一般	一賃リニューアル（期限付）	3DK	51.38	51.38	57500	57500	2400	115000	即入居可	八王子市松が谷４９－４	1976	59900	JKK	5		https://www.to-kousya.or.jp/chintai/reco/matsugaya.html	35.62982587	139.4130014	https://maps.google.com/?q=35.62982587,139.4130014	2026-07-10T06:37:38Z	2026-07-18T22:28:16Z	39.8	85
ur_efe67b5ffe6f49fe	館ヶ丘　1-8号棟409号室	八王子市		UR賃貸住宅	3DK	53㎡	53.0	60900円	60900	4500	121800	随時	八王子市館町1097	1975	65400	UR	4	JR中央線「高尾」駅バス7分 徒歩1～11分, 京王高尾線「高尾」駅バス7分 徒歩1～11分, JR中央本線「高尾」駅 徒歩29～38分	https://www.ur-net.go.jp/chintai/kanto/tokyo/20_2600_room.html?JKSS=001080409	35.629959	139.284119	https://maps.google.com/?q=35.629959,139.284119	2026-07-11T07:37:41Z	2026-07-23T15:19:11Z	39.8	85
ur_9419758a4135d51d	館ヶ丘　1-10号棟301号室	八王子市		UR賃貸住宅	3DK	53㎡	53.0	60900円	60900	4500	121800	随時	八王子市館町1097	1975	65400	UR	3	JR中央線「高尾」駅バス7分 徒歩1～11分, 京王高尾線「高尾」駅バス7分 徒歩1～11分, JR中央本線「高尾」駅 徒歩29～38分	https://www.ur-net.go.jp/chintai/kanto/tokyo/20_2600_room.html?JKSS=001100301	35.629959	139.284119	https://maps.google.com/?q=35.629959,139.284119	2026-07-17T01:43:10Z	2026-07-23T15:19:11Z	39.8	85
a905e339371c05b5	横川町 1-506	八王子市	応援	一般賃貸住宅	3DK	56.12	56.12	58000	58000	3100	116000	即入居可	八王子市横川町１０８－１	1980	61100	JKK	5		https://www.to-kousya.or.jp/chintai/reco/yokokawachou.html	35.66784312	139.3087524	https://maps.google.com/?q=35.66784312,139.3087524	2026-07-18T05:03:13Z	2026-07-18T22:28:16Z	39.8	85
88bdbb11eb44879d	横川町 4-402	八王子市	応援	一般賃貸住宅	3DK	62.42	62.42	62100	62100	3100	124200	即入居可	八王子市横川町１０８－４	1980	65200	JKK	4		https://www.to-kousya.or.jp/chintai/reco/yokokawachou.html	35.66784312	139.3087524	https://maps.google.com/?q=35.66784312,139.3087524	2026-07-17T07:35:58Z	2026-07-18T22:28:16Z	39.8	85
ur_5915385a8872eaf8	多摩ニュータウン シティハイツ南大沢　2号棟501号室	八王子市		UR賃貸住宅	3DK	76㎡	76.0	105900円	105900	4600	211800	随時	八王子市南大沢4-10	1985	110500	UR	5	京王相模原線「南大沢」駅 徒歩7～9分, 京王相模原線「多摩境」駅 徒歩24～26分, 京王相模原線「京王堀之内」駅 徒歩40～42分	https://www.ur-net.go.jp/chintai/kanto/tokyo/20_3770_room.html?JKSS=000020501	35.611095	139.378067	https://maps.google.com/?q=35.611095,139.378067	2026-07-11T01:38:57Z	2026-07-23T15:19:11Z	39.8	85
ur_3e243260c1a34a9d	八王子パークヒル 宇津木台　1号棟506号室	八王子市		UR賃貸住宅	3LDK	65㎡	65.0	78500円	78500	3700	157000	随時	八王子市久保山町2ほか	1987	82200	UR	5	JR八高線「小宮」駅 徒歩11～16分, JR中央線「日野」駅バス13分 徒歩3～5分, JR中央線「八王子」・京王線「京王八王子」駅バス22～24分 徒歩3～5分	https://www.ur-net.go.jp/chintai/kanto/tokyo/20_4080_room.html?JKSS=002010506	35.686413	139.355515	https://maps.google.com/?q=35.686413,139.355515	2026-07-17T01:43:10Z	2026-07-23T15:19:11Z	39.8	85
ur_96dfd1a513908b7b	八王子パークヒル 宇津木台　3号棟506号室	八王子市		UR賃貸住宅	3LDK	75㎡	75.0	89600円	89600	3700	179200	随時	八王子市久保山町2ほか	1987	93300	UR	5	JR八高線「小宮」駅 徒歩11～16分, JR中央線「日野」駅バス13分 徒歩3～5分, JR中央線「八王子」・京王線「京王八王子」駅バス22～24分 徒歩3～5分	https://www.ur-net.go.jp/chintai/kanto/tokyo/20_4080_room.html?JKSS=002030506	35.686413	139.355515	https://maps.google.com/?q=35.686413,139.355515	2026-07-17T01:43:10Z	2026-07-23T15:19:11Z	39.8	85
ur_5348ca37f9fdeedc	多摩ニュータウン ライブ長池 ビューコート別所　4号棟106号室	八王子市		UR賃貸住宅	3LDK	114㎡	114.0	152000円	152000	4900	304000	随時	八王子市別所1-38	2001	156900	UR	1	京王相模原線「南大沢」駅 徒歩16～18分, 京王相模原線「南大沢」駅バス9分 徒歩2～4分, 京王相模原線「京王堀之内」駅バス5分 徒歩2～4分	https://www.ur-net.go.jp/chintai/kanto/tokyo/20_6260_room.html?JKSS=000040106	35.615372	139.389725	https://maps.google.com/?q=35.615372,139.389725	2026-07-19T11:38:08Z	2026-07-23T15:19:11Z	39.8	85
ur_82f1512f3313ee0f	多摩ニュータウン 南大沢学園二番街　4号棟607号室	八王子市		UR賃貸住宅	4LDK	94㎡	94.0	156600円	156600	4490	313200	随時	八王子市上柚木3-5	1994	161090	UR	6	京王相模原線「南大沢」駅 徒歩11～14分, 京王線「聖蹟桜ヶ丘」駅バス28分 徒歩5～7分, 京王相模原線「多摩境」駅 徒歩27～30分	https://www.ur-net.go.jp/chintai/kanto/tokyo/20_5070_room.html?JKSS=000040607	35.616093	139.372635	https://maps.google.com/?q=35.616093,139.372635	2026-07-17T01:43:10Z	2026-07-23T15:19:11Z	39.8	85
ur_b459f1fab23add7d	多摩ニュータウン グランピア南大沢　4号棟404号室	八王子市		UR賃貸住宅	5LDK	122㎡	122.0	172800円	172800	4600	345600	随時	八王子市上柚木2-63	2004	177400	UR	4	京王相模原線「南大沢」駅 徒歩18～23分, 京王相模原線「南大沢」駅バス8分 徒歩2～6分, 京王線「北野」駅バス23分 徒歩4～8分	https://www.ur-net.go.jp/chintai/kanto/tokyo/20_6250_room.html?JKSS=000040404	35.614475	139.366104	https://maps.google.com/?q=35.614475,139.366104	2026-07-17T01:43:10Z	2026-07-23T15:19:11Z	39.8	85
ur_7dab23b39624c0f7	赤羽北二丁目　1号棟331号室	北区		UR賃貸住宅	1LDK	48㎡	48.0	116400円	116400	4000	232800	随時	北区赤羽北2-15	1977	120400	UR	3	JR埼京線「北赤羽」駅 徒歩6～7分	https://www.ur-net.go.jp/chintai/kanto/tokyo/20_2800_room.html?JKSS=000010331	35.784081	139.705338	https://maps.google.com/?q=35.784081,139.705338	2026-07-23T07:37:01Z	2026-07-23T15:19:11Z	9.9	24
ur_4efdd2ec81ee7a3f	赤羽北二丁目　1号棟1230号室	北区		UR賃貸住宅	1LDK	48㎡	48.0	117900円	117900	4000	235800	随時	北区赤羽北2-15	1977	121900	UR	12	JR埼京線「北赤羽」駅 徒歩6～7分	https://www.ur-net.go.jp/chintai/kanto/tokyo/20_2800_room.html?JKSS=000011230	35.784081	139.705338	https://maps.google.com/?q=35.784081,139.705338	2026-07-23T07:37:01Z	2026-07-23T15:19:11Z	9.9	24
ur_2b00e23376dd5328	赤羽北二丁目　1号棟1127号室	北区		UR賃貸住宅	1LDK	49㎡	49.0	120800円	120800	4000	241600	随時	北区赤羽北2-15	1977	124800	UR	11	JR埼京線「北赤羽」駅 徒歩6～7分	https://www.ur-net.go.jp/chintai/kanto/tokyo/20_2800_room.html?JKSS=000011127	35.784081	139.705338	https://maps.google.com/?q=35.784081,139.705338	2026-07-23T07:37:01Z	2026-07-23T15:19:11Z	9.9	24
ur_ebf20eddae5501b7	豊島五丁目　7号棟204号室	北区		UR賃貸住宅	2DK	49㎡	49.0	93200円	93200	3300	186400	随時	北区豊島5-4ほか	1973	96500	UR	2	JR京浜東北・根岸線「王子」駅バス7分 徒歩2～6分, 東京メトロ南北線「王子」駅バス7分 徒歩2～6分	https://www.ur-net.go.jp/chintai/kanto/tokyo/20_2320_room.html?JKSS=000070204	35.766525	139.750854	https://maps.google.com/?q=35.766525,139.750854	2026-07-22T01:37:08Z	2026-07-23T15:19:11Z	9.9	24
ur_28977befc4a83eec	国立富士見台　1-22号棟304号室	国立市		UR賃貸住宅	4K	59㎡	59.0	102900円	102900	2800	205800	随時	国立市富士見台1-7ほか	1966	105700	UR	3	JR南武線「谷保」駅（第1団地）徒歩5～10分、（第2、3団地）徒歩10～15分, JR中央線「国立」駅（第1団地）徒歩21～26分 またはバス5分 徒歩1～9分、（第2、3団地）徒歩23～28分 またはバス8分 徒歩2～5分, JR南武線「矢川」駅（第1団地）バス5分 徒歩1～7分、（第2、3団地）徒歩8～16分	https://www.ur-net.go.jp/chintai/kanto/tokyo/20_1350_room.html?JKSS=000122304	35.684021	139.44783	https://maps.google.com/?q=35.684021,139.44783	2026-07-17T05:37:17Z	2026-07-23T15:19:11Z	29.1	73
d53a9adc612b6a59	落合 4-6-2-701	多摩市	子育・ 高齢	一般賃貸住宅（期限付）	2DK	44.74	44.74	54500	54500	3600	109000	即入居可	多摩市落合４－６－２	1976	58100	JKK	7		https://www.to-kousya.or.jp/chintai/reco/ochiai.html	35.61612178	139.4312559	https://maps.google.com/?q=35.61612178,139.4312559	2026-07-14T01:14:36Z	2026-07-18T22:28:16Z	28.3	67
ur_d706575aeb4f063e	百草　18号棟305号室	多摩市	優先	UR賃貸住宅	2DK	45㎡	45.0	54000円	54000	4750	108000	随時	多摩市和田1261、日野市百草999	1970	58750	UR	3	京王線「高幡不動」駅 徒歩19～32分 またはバス7～8分 徒歩1～8分, 京王線「聖蹟桜ヶ丘」駅バス14～15分 徒歩1～8分, 京王相模原線「京王多摩センター」駅バス9分 徒歩2～13分	https://www.ur-net.go.jp/chintai/kanto/tokyo/20_1870_room.html?JKSS=000180305	35.645988	139.415894	https://maps.google.com/?q=35.645988,139.415894	2026-07-23T09:38:16Z	2026-07-23T15:19:11Z	28.3	67
ur_da8fb3a1a08b6207	百草　1-3-1号棟104号室	多摩市	優先	UR賃貸住宅	2DK	50㎡	50.0	66200円	66200	4750	132400	随時	多摩市和田1261、日野市百草999	1970	70950	UR	1	京王線「高幡不動」駅 徒歩19～32分 またはバス7～8分 徒歩1～8分, 京王線「聖蹟桜ヶ丘」駅バス14～15分 徒歩1～8分, 京王相模原線「京王多摩センター」駅バス9分 徒歩2～13分	https://www.ur-net.go.jp/chintai/kanto/tokyo/20_1870_room.html?JKSS=103010104	35.645988	139.415894	https://maps.google.com/?q=35.645988,139.415894	2026-07-17T01:43:10Z	2026-07-23T15:19:11Z	28.3	67
ur_6edb64fcd18abb04	多摩ニュータウン 豊ヶ丘（グリーンメゾン豊ヶ丘－６）　5-2-2号棟103号室	多摩市		UR賃貸住宅	2DK	55㎡	55.0	71400円	71400	4800	142800	随時	多摩市豊ヶ丘2ほか	1978	76200	UR	1	京王相模原線「京王多摩センター」駅・小田急多摩線「小田急多摩センター」駅 徒歩16～32分 またはバス12分 徒歩2～14分, 多摩都市モノレール「多摩センター」駅 徒歩17～33分 またはバス12分 徒歩2～14分	https://www.ur-net.go.jp/chintai/kanto/tokyo/20_2710_room.html?JKSS=502020103	35.623928	139.434677	https://maps.google.com/?q=35.623928,139.434677	2026-07-22T01:37:08Z	2026-07-23T15:19:11Z	28.3	67
ur_4380e0f39750050c	多摩ニュータウン メゾン聖ヶ丘－１　3号棟504号室	多摩市		UR賃貸住宅	2DK	60㎡	60.0	92800円	92800	3400	185600	随時	多摩市聖ケ丘1-13	1987	96200	UR	5	京王相模原線「京王永山」駅・小田急多摩線「小田急永山」駅 徒歩18～19分 またはバス4分 徒歩2～3分, 京王線「聖蹟桜ヶ丘」駅 徒歩26～29分	https://www.ur-net.go.jp/chintai/kanto/tokyo/20_4070_room.html?JKSS=000030504	35.638088	139.455887	https://maps.google.com/?q=35.638088,139.455887	2026-07-17T01:43:10Z	2026-07-23T15:19:11Z	28.3	67
ur_e7ed2e7f5f624c08	百草　1-3-1号棟106号室	多摩市	優先	UR賃貸住宅	3K	50㎡	50.0	62900円	62900	4750	125800	随時	多摩市和田1261、日野市百草999	1970	67650	UR	1	京王線「高幡不動」駅 徒歩19～32分 またはバス7～8分 徒歩1～8分, 京王線「聖蹟桜ヶ丘」駅バス14～15分 徒歩1～8分, 京王相模原線「京王多摩センター」駅バス9分 徒歩2～13分	https://www.ur-net.go.jp/chintai/kanto/tokyo/20_1870_room.html?JKSS=103010106	35.645988	139.415894	https://maps.google.com/?q=35.645988,139.415894	2026-07-22T01:37:08Z	2026-07-23T15:19:11Z	28.3	67
5e8fd13dca85ff97	落合 4-3-1-507	多摩市	応援	一般賃貸住宅（期限付）	3DK	51.38	51.38	55200	55200	3000	110400	即入居可	多摩市落合４－３－１	1975	58200	JKK	5		https://www.to-kousya.or.jp/chintai/reco/ochiai.html	35.61612178	139.4312559	https://maps.google.com/?q=35.61612178,139.4312559	2026-05-31T03:05:08Z	2026-07-18T22:28:16Z	28.3	67
8ae5cd47c7eae78b	落合 4-3-3-403	多摩市	応援	一般賃貸住宅（期限付）	3DK	51.38	51.38	56200	56200	3000	112400	即入居可	多摩市落合４－３－３	1975	59200	JKK	4		https://www.to-kousya.or.jp/chintai/reco/ochiai.html	35.61612178	139.4312559	https://maps.google.com/?q=35.61612178,139.4312559	2026-05-31T03:05:08Z	2026-07-18T22:28:16Z	28.3	67
272a46d14df061af	落合 4-3-3-507	多摩市	応援	一般賃貸住宅（期限付）	3DK	51.38	51.38	56200	56200	3000	112400	即入居可	多摩市落合４－３－３	1975	59200	JKK	5		https://www.to-kousya.or.jp/chintai/reco/ochiai.html	35.61612178	139.4312559	https://maps.google.com/?q=35.61612178,139.4312559	2026-05-31T03:05:08Z	2026-07-18T22:28:16Z	28.3	67
fdf05cae5d0a7024	落合 4-3-3-510	多摩市	応援	一般賃貸住宅（期限付）	3DK	51.38	51.38	56200	56200	3000	112400	即入居可	多摩市落合４－３－３	1975	59200	JKK	5		https://www.to-kousya.or.jp/chintai/reco/ochiai.html	35.61612178	139.4312559	https://maps.google.com/?q=35.61612178,139.4312559	2026-07-03T07:31:06Z	2026-07-18T22:28:16Z	28.3	67
65236df2d2cf1acc	落合 4-3-1-401	多摩市	一般	一般賃貸住宅（期限付）	3DK	51.38	51.38	56200	56200	3000	112400	即入居可	多摩市落合４－３－１	1975	59200	JKK	4		https://www.to-kousya.or.jp/chintai/reco/ochiai.html	35.61612178	139.4312559	https://maps.google.com/?q=35.61612178,139.4312559	2026-07-10T09:45:17Z	2026-07-18T22:28:16Z	28.3	67
6d5bd851a8ec42de	落合 4-3-2-505	多摩市	応援	一般賃貸住宅（期限付）	3DK	52.59	52.59	55200	55200	3000	110400	即入居可	多摩市落合４－３－２	1975	58200	JKK	5		https://www.to-kousya.or.jp/chintai/reco/ochiai.html	35.61612178	139.4312559	https://maps.google.com/?q=35.61612178,139.4312559	2026-05-31T03:05:08Z	2026-07-18T22:28:16Z	28.3	67
54227004272b8947	落合 4-3-5-406	多摩市	応援	一般賃貸住宅（期限付）	3DK	52.59	52.59	55200	55200	3000	110400	即入居可	多摩市落合４－３－５	1975	58200	JKK	4		https://www.to-kousya.or.jp/chintai/reco/ochiai.html	35.61612178	139.4312559	https://maps.google.com/?q=35.61612178,139.4312559	2026-05-31T03:05:08Z	2026-07-18T22:28:16Z	28.3	67
a40089257eb4177b	落合 4-3-5-503	多摩市	応援	一般賃貸住宅（期限付）	3DK	52.59	52.59	56300	56300	3000	112600	即入居可	多摩市落合４－３－５	1975	59300	JKK	5		https://www.to-kousya.or.jp/chintai/reco/ochiai.html	35.61612178	139.4312559	https://maps.google.com/?q=35.61612178,139.4312559	2026-06-04T07:59:55Z	2026-07-18T22:28:16Z	28.3	67
ur_c2c9c0c3bfe05330	多摩ニュータウン メゾン聖ヶ丘－１　2号棟206号室	多摩市		UR賃貸住宅	3DK	61㎡	61.0	92100円	92100	3400	184200	随時	多摩市聖ケ丘1-13	1987	95500	UR	2	京王相模原線「京王永山」駅・小田急多摩線「小田急永山」駅 徒歩18～19分 またはバス4分 徒歩2～3分, 京王線「聖蹟桜ヶ丘」駅 徒歩26～29分	https://www.ur-net.go.jp/chintai/kanto/tokyo/20_4070_room.html?JKSS=000020206	35.638088	139.455887	https://maps.google.com/?q=35.638088,139.455887	2026-07-17T01:43:10Z	2026-07-23T15:19:11Z	28.3	67
ur_65f1b45b1c4d4696	多摩ニュータウン 豊ヶ丘（グリーンメゾン豊ヶ丘－６）　6-3-2号棟508号室	多摩市		UR賃貸住宅	3DK	66㎡	66.0	79400円	79400	4800	158800	随時	多摩市豊ヶ丘2ほか	1980	84200	UR	5	京王相模原線「京王多摩センター」駅・小田急多摩線「小田急多摩センター」駅 徒歩16～32分 またはバス12分 徒歩2～14分, 多摩都市モノレール「多摩センター」駅 徒歩17～33分 またはバス12分 徒歩2～14分	https://www.ur-net.go.jp/chintai/kanto/tokyo/20_2710_room.html?JKSS=603020508	35.623928	139.434677	https://maps.google.com/?q=35.623928,139.434677	2026-07-21T03:36:52Z	2026-07-23T15:19:11Z	28.3	67
ur_54c7ba2b72f18383	多摩ニュータウン エステート愛宕　1号棟103号室	多摩市		UR賃貸住宅	3LDK	76㎡	76.0	117300円	117300	7000	234600	随時	多摩市愛宕4-35-1	1994	124300	UR	1	京王相模原線｢京王多摩センター｣駅 徒歩10分, 小田急多摩線｢小田急多摩センター｣駅 徒歩10分, 多摩都市モノレール｢多摩センター｣駅 徒歩10分	https://www.ur-net.go.jp/chintai/kanto/tokyo/20_5090_room.html?JKSS=000010103	35.630131	139.42868	https://maps.google.com/?q=35.630131,139.42868	2026-07-16T05:36:53Z	2026-07-23T15:19:11Z	28.3	67
ur_4a9a1aeb834bcd61	車返　2-10号棟201号室	府中市		UR賃貸住宅	3DK	54㎡	54.0	112800円	112800	3600	225600	随時	府中市白糸台5-25-1、府中市押立町1-24-1	1979	116400	UR	2	京王線「武蔵野台」駅 徒歩5～8分, 西武多摩川線「白糸台」駅 徒歩12～16分, 京王線「多磨霊園」駅 徒歩16～20分	https://www.ur-net.go.jp/chintai/kanto/tokyo/20_2700_room.html?JKSS=002100201	35.661526	139.511505	https://maps.google.com/?q=35.661526,139.511505	2026-07-06T09:36:32Z	2026-07-23T15:19:11Z	25.3	70
ur_4e7ef5349cb369e8	多摩平の森　3-3号棟803号室	日野市		UR賃貸住宅	1LDK	52㎡	52.0	140900円	140900	4000	281800	随時	日野市多摩平4-6ほか	2008	144900	UR	8	JR中央線「豊田」駅 徒歩7～15分, JR中央線「日野」駅 徒歩24～33分, 京王線「南平」駅 徒歩25～32分	https://www.ur-net.go.jp/chintai/kanto/tokyo/20_6510_room.html?JKSS=003030803	35.66589	139.380844	https://maps.google.com/?q=35.66589,139.380844	2026-07-18T05:38:57Z	2026-07-23T15:19:11Z	32.7	72
2991b034abec3285	平山 19-1950	日野市	一般	一般賃貸住宅（期限付）	2K	32.85	32.85	36100	36100	1400	72200	即入居可	日野市東平山１－７－１２	1965	37500	JKK	5		https://www.to-kousya.or.jp/chintai/reco/hirayama.html	35.64954656	139.3774428	https://maps.google.com/?q=35.64954656,139.3774428	2026-07-15T06:10:14Z	2026-07-18T22:28:16Z	32.7	72
ur_bfc3ae2e56dd0b0b	シティハイツ日野旭が丘　3号棟514号室	日野市		UR賃貸住宅	2DK	51㎡	51.0	93900円	93900	2700	187800	随時	日野市旭が丘4-7-5	1990	96600	UR	5	JR中央線「豊田」駅 徒歩20～24分 またはバス7分 徒歩1～6分, 京王線「長沼」駅 徒歩26～28分, JR八高線「北八王子」駅 徒歩23～25分	https://www.ur-net.go.jp/chintai/kanto/tokyo/20_4360_room.html?JKSS=000030514	35.6562	139.364822	https://maps.google.com/?q=35.6562,139.364822	2026-07-11T09:37:20Z	2026-07-23T15:19:11Z	32.7	72
ur_9e20cfec0013de12	多摩平の森　1-2号棟805号室	日野市		UR賃貸住宅	2DK	55㎡	55.0	122800円	122800	4000	245600	随時	日野市多摩平4-6ほか	2002	126800	UR	8	JR中央線「豊田」駅 徒歩7～15分, JR中央線「日野」駅 徒歩24～33分, 京王線「南平」駅 徒歩25～32分	https://www.ur-net.go.jp/chintai/kanto/tokyo/20_6510_room.html?JKSS=001020805	35.66589	139.380844	https://maps.google.com/?q=35.66589,139.380844	2026-07-23T09:38:16Z	2026-07-23T15:19:11Z	32.7	72
ur_bc61ae189431fa20	高幡台　29号棟406号室	日野市		UR賃貸住宅	2LDK	50㎡	50.0	62000円	62000	4300	124000	随時	日野市程久保650	1971	66300	UR	4	京王線「高幡不動」駅 徒歩17～25分 またはバス4分 徒歩2～10分, 多摩都市モノレール「程久保」駅 徒歩9～14分, 多摩都市モノレール「多摩動物公園」駅 徒歩12～23分	https://www.ur-net.go.jp/chintai/kanto/tokyo/20_1970_room.html?JKSS=000290406	35.650715	139.410919	https://maps.google.com/?q=35.650715,139.410919	2026-07-22T01:37:08Z	2026-07-23T15:19:11Z	32.7	72
ur_bfa0d77b6d10be65	シティハイツ日野旭が丘　3号棟207号室	日野市		UR賃貸住宅	2LDK	76㎡	76.0	107800円	107800	2700	215600	随時	日野市旭が丘4-7-5	1990	110500	UR	2	JR中央線「豊田」駅 徒歩20～24分 またはバス7分 徒歩1～6分, 京王線「長沼」駅 徒歩26～28分, JR八高線「北八王子」駅 徒歩23～25分	https://www.ur-net.go.jp/chintai/kanto/tokyo/20_4360_room.html?JKSS=000030207	35.6562	139.364822	https://maps.google.com/?q=35.6562,139.364822	2026-07-17T01:35:08Z	2026-07-23T15:19:11Z	32.7	72
ur_2a3cd6915d34fec4	シティハイツ日野旭が丘　2号棟610号室	日野市		UR賃貸住宅	2LDK	80㎡	80.0	112400円	112400	2700	224800	随時	日野市旭が丘4-7-5	1989	115100	UR	6	JR中央線「豊田」駅 徒歩20～24分 またはバス7分 徒歩1～6分, 京王線「長沼」駅 徒歩26～28分, JR八高線「北八王子」駅 徒歩23～25分	https://www.ur-net.go.jp/chintai/kanto/tokyo/20_4360_room.html?JKSS=000020610	35.6562	139.364822	https://maps.google.com/?q=35.6562,139.364822	2026-07-17T07:35:58Z	2026-07-23T15:19:11Z	32.7	72
ur_bf61948a81f3e0a6	高幡台　61号棟401号室	日野市		UR賃貸住宅	3DK	54㎡	54.0	66100円	66100	4300	132200	随時	日野市程久保650	1971	70400	UR	4	京王線「高幡不動」駅 徒歩17～25分 またはバス4分 徒歩2～10分, 多摩都市モノレール「程久保」駅 徒歩9～14分, 多摩都市モノレール「多摩動物公園」駅 徒歩12～23分	https://www.ur-net.go.jp/chintai/kanto/tokyo/20_1970_room.html?JKSS=000610401	35.650715	139.410919	https://maps.google.com/?q=35.650715,139.410919	2026-07-08T01:35:16Z	2026-07-23T15:19:11Z	32.7	72
ur_06430d35c58714e2	高幡台　33号棟403号室	日野市		UR賃貸住宅	3DK	54㎡	54.0	66100円	66100	4300	132200	随時	日野市程久保650	1971	70400	UR	4	京王線「高幡不動」駅 徒歩17～25分 またはバス4分 徒歩2～10分, 多摩都市モノレール「程久保」駅 徒歩9～14分, 多摩都市モノレール「多摩動物公園」駅 徒歩12～23分	https://www.ur-net.go.jp/chintai/kanto/tokyo/20_1970_room.html?JKSS=000330403	35.650715	139.410919	https://maps.google.com/?q=35.650715,139.410919	2026-07-17T01:35:08Z	2026-07-23T15:19:11Z	32.7	72
1ec068ca25121b41	昭島田中町 22-502	昭島市	応援	一般賃貸住宅	2DK	48.32	48.32	48900	48900	2400	97800	即入居可	昭島市田中町３－５－２２	1979	51300	JKK	5		https://www.to-kousya.or.jp/chintai/reco/akishimatanakacho.html	35.70066929	139.3516303	https://maps.google.com/?q=35.70066929,139.3516303	2026-07-17T07:03:36Z	2026-07-18T22:28:16Z	36.7	76
70fc29fa3c43a06b	昭島田中町 4-402	昭島市	応援	一般賃貸住宅	3DK	58.28	58.28	54000	54000	2400	108000	即入居可	昭島市田中町３－５－４	1979	56400	JKK	4		https://www.to-kousya.or.jp/chintai/reco/akishimatanakacho.html	35.70066929	139.3516303	https://maps.google.com/?q=35.70066929,139.3516303	2026-07-08T07:18:32Z	2026-07-18T22:28:16Z	36.7	76
ur_da4a8b9ef4606783	コンフォール拝島　210号室	昭島市		UR賃貸住宅	3LDK	81㎡	81.0	138200円	138200	7200	276400	随時	昭島市松原町4-1-5	1996	145400	UR	2	JR青梅線ほか｢拝島｣駅 徒歩4分	https://www.ur-net.go.jp/chintai/kanto/tokyo/20_5520_room.html?JKSS=000000210	35.718349	139.345016	https://maps.google.com/?q=35.718349,139.345016	2026-07-23T11:38:34Z	2026-07-23T15:19:11Z	36.7	76
ur_6d23cdb902be50f7	グリーンヒルズ東久留米　4号棟104号室	東久留米市		UR賃貸住宅	1DK	44㎡	44.0	97200円	97200	6100	194400	随時	東久留米市上の原1-3ほか	2006	103300	UR	1	西武池袋線「東久留米」駅 徒歩17～24分 またはバス5分 徒歩1～5分, JR武蔵野線「新座」駅バス20分 徒歩1～5分, 西武池袋線「清瀬」駅 徒歩31～34分	https://www.ur-net.go.jp/chintai/kanto/tokyo/20_6880_room.html?JKSS=000040104	35.76965	139.541824	https://maps.google.com/?q=35.76965,139.541824	2026-07-20T05:41:27Z	2026-07-23T15:19:11Z	23.6	47
ur_9b08bbd3e997d2d6	グリーンヒルズ東久留米　2号棟313号室	東久留米市		UR賃貸住宅	1LDK	50㎡	50.0	107000円	107000	6100	214000	随時	東久留米市上の原1-3ほか	2006	113100	UR	3	西武池袋線「東久留米」駅 徒歩17～24分 またはバス5分 徒歩1～5分, JR武蔵野線「新座」駅バス20分 徒歩1～5分, 西武池袋線「清瀬」駅 徒歩31～34分	https://www.ur-net.go.jp/chintai/kanto/tokyo/20_6880_room.html?JKSS=000020313	35.76965	139.541824	https://maps.google.com/?q=35.76965,139.541824	2026-07-17T01:35:08Z	2026-07-23T15:19:11Z	23.6	47
ur_bcb3742fc3900f8c	グリーンヒルズ東久留米　5号棟306号室	東久留米市		UR賃貸住宅	2DK	50㎡	50.0	105900円	105900	6100	211800	随時	東久留米市上の原1-3ほか	2008	112000	UR	3	西武池袋線「東久留米」駅 徒歩17～24分 またはバス5分 徒歩1～5分, JR武蔵野線「新座」駅バス20分 徒歩1～5分, 西武池袋線「清瀬」駅 徒歩31～34分	https://www.ur-net.go.jp/chintai/kanto/tokyo/20_6880_room.html?JKSS=000050306	35.76965	139.541824	https://maps.google.com/?q=35.76965,139.541824	2026-07-08T01:35:16Z	2026-07-23T15:19:11Z	23.6	47
ur_01c106b5383ca885	グリーンヒルズ東久留米　6号棟807号室	東久留米市		UR賃貸住宅	2DK	50㎡	50.0	108500円	108500	6100	217000	随時	東久留米市上の原1-3ほか	2008	114600	UR	8	西武池袋線「東久留米」駅 徒歩17～24分 またはバス5分 徒歩1～5分, JR武蔵野線「新座」駅バス20分 徒歩1～5分, 西武池袋線「清瀬」駅 徒歩31～34分	https://www.ur-net.go.jp/chintai/kanto/tokyo/20_6880_room.html?JKSS=000060807	35.76965	139.541824	https://maps.google.com/?q=35.76965,139.541824	2026-07-08T01:35:16Z	2026-07-23T15:19:11Z	23.6	47
ur_a24e086c7b39f7c5	グリーンヒルズ東久留米　3号棟505号室	東久留米市		UR賃貸住宅	2DK	55㎡	55.0	118200円	118200	6100	236400	随時	東久留米市上の原1-3ほか	2006	124300	UR	5	西武池袋線「東久留米」駅 徒歩17～24分 またはバス5分 徒歩1～5分, JR武蔵野線「新座」駅バス20分 徒歩1～5分, 西武池袋線「清瀬」駅 徒歩31～34分	https://www.ur-net.go.jp/chintai/kanto/tokyo/20_6880_room.html?JKSS=000030505	35.76965	139.541824	https://maps.google.com/?q=35.76965,139.541824	2026-07-07T01:37:35Z	2026-07-23T15:19:11Z	23.6	47
f51cf82e2bd92fc2	久留米西 24-506	東久留米市	一般	一般賃貸住宅（期限付）	3K	39.9	39.9	39100	39100	2000	78200	即入居可	東久留米市下里４－１－２４	1971	41100	JKK	5		https://www.to-kousya.or.jp/chintai/reco/kurumenishi.html	35.75267125	139.4973137	https://maps.google.com/?q=35.75267125,139.4973137	2026-07-17T07:35:58Z	2026-07-18T22:28:16Z	23.6	47
ur_967a641c975f1d52	滝山　1-21号棟508号室	東久留米市		UR賃貸住宅	3DK	61㎡	61.0	89600円	89600	2900	179200	随時	東久留米市滝山6-1	1969	92500	UR	5	西武新宿線「花小金井」駅バス8分　徒歩2～6分, 西武池袋線「東久留米」駅バス12分　徒歩2～6分, 西武新宿線「小平」駅徒歩29～34分	https://www.ur-net.go.jp/chintai/kanto/tokyo/20_1730_room.html?JKSS=000121508	35.746067	139.504303	https://maps.google.com/?q=35.746067,139.504303	2026-06-26T07:38:59Z	2026-07-23T15:19:11Z	23.6	47
7f058a0b63dd8982	久留米西 35-303	東久留米市	一般	一般賃貸住宅（期限付）	2DK+S	51.74	51.74	47700	47700	2000	95400	即入居可	東久留米市下里４－１－３５	1971	49700	JKK	3		https://www.to-kousya.or.jp/chintai/reco/kurumenishi.html	35.75267125	139.4973137	https://maps.google.com/?q=35.75267125,139.4973137	2026-07-15T07:31:30Z	2026-07-18T22:28:16Z	23.6	47
448085af035acc5f	コーシャハイム玉川上水 1-903	東大和市	子育・ 高齢	一般賃貸住宅	3DK	60.38	60.38	82400	82400	3400	164800	即入居可	東大和市桜が丘３－４４－３２－１	1987	85800	JKK	9		https://www.to-kousya.or.jp/chintai/reco/kh_tamagawajousui.html	35.73295218	139.4183198	https://maps.google.com/?q=35.73295218,139.4183198	2026-07-14T08:02:40Z	2026-07-18T22:28:16Z	30.8	75
ur_fef8dd0ad9985df7	富士見台　6号棟403号室	東村山市		UR賃貸住宅	3LDK	68㎡	68.0	89400円	89400	1800	178800	随時	東村山市富士見町1-2-54ほか	1986	91200	UR	4	西武多摩湖線「八坂」駅 徒歩13～16分, 西武拝島線「小川」駅 徒歩15～19分, 西武新宿線「久米川」駅バス5分 徒歩1～3分	https://www.ur-net.go.jp/chintai/kanto/tokyo/20_3850_room.html?JKSS=000060403	35.744614	139.456924	https://maps.google.com/?q=35.744614,139.456924	2026-07-19T09:37:20Z	2026-07-23T15:19:11Z	27.2	60
ur_1ea4f0151962a6f5	南台第二　10号棟503号室	東村山市		UR賃貸住宅	4LDK	88㎡	88.0	131900円	131900	4300	263800	随時	東村山市富士見町1-14	1989	136200	UR	5	西武多摩湖線｢八坂｣駅 徒歩13分, 西武拝島線ほか｢小川｣駅 徒歩17分, 西武新宿線｢久米川｣駅バス7分 徒歩2分	https://www.ur-net.go.jp/chintai/kanto/tokyo/20_4270_room.html?JKSS=000100503	35.744106	139.456726	https://maps.google.com/?q=35.744106,139.456726	2026-07-17T01:43:10Z	2026-07-23T15:19:11Z	27.2	60
ur_7a0e397f56316f3f	高島平　3-10-1号棟719号室	板橋区		UR賃貸住宅	1LDK	46㎡	46.0	103900円	103900	3800	207800	随時	板橋区高島平2ほか	1973	107700	UR	7	都営三田線「高島平」駅 徒歩2～11分, 都営三田線「新高島平」駅 徒歩4～22分	https://www.ur-net.go.jp/chintai/kanto/tokyo/20_2250_room.html?JKSS=310010719	35.785172	139.662704	https://maps.google.com/?q=35.785172,139.662704	2026-07-23T07:37:01Z	2026-07-23T15:19:11Z	10.5	25
ur_00a61b1744f00a83	新蓮根　11号棟101号室	板橋区		UR賃貸住宅	3LDK	75㎡	75.0	163700円	163700	4000	327400	随時	板橋区蓮根2-30ほか	1994	167700	UR	1	都営三田線「蓮根」駅 徒歩3～7分, 都営三田線「西台」駅 徒歩4～8分	https://www.ur-net.go.jp/chintai/kanto/tokyo/20_4760_room.html?JKSS=000110101	35.784439	139.677261	https://maps.google.com/?q=35.784439,139.677261	2026-07-23T09:38:16Z	2026-07-23T15:19:11Z	10.5	25
ur_dbbe257004dbd33f	清瀬旭が丘　5-1-3号棟305号室	清瀬市		UR賃貸住宅	2DK	39㎡	39.0	54600円	54600	3000	109200	随時	清瀬市旭が丘2ほか	1968	57600	UR	3	西武池袋線「清瀬」駅バス9～15分 徒歩1～4分, 東武東上線「志木」駅バス20～22分 徒歩1～4分, JR武蔵野線「新座」駅バス10～12分 徒歩1～4分	https://www.ur-net.go.jp/chintai/kanto/tokyo/20_1580_room.html?JKSS=000513305	35.79491	139.539627	https://maps.google.com/?q=35.79491,139.539627	2026-07-23T09:38:16Z	2026-07-23T15:19:11Z	24.4	56
ur_5d99735928b617a5	清瀬旭が丘第二　1号棟205号室	清瀬市		UR賃貸住宅	3LDK	70㎡	70.0	75900円	75900	6600	151800	随時	清瀬市旭が丘5-4	1985	82500	UR	2	西武池袋線「清瀬」駅バス11分 徒歩4～5分, JR武蔵野線「新座」駅バス10分 徒歩4～5分, 東武東上線「志木」駅バス20分 徒歩4～5分	https://www.ur-net.go.jp/chintai/kanto/tokyo/20_3610_room.html?JKSS=000010205	35.798149	139.541763	https://maps.google.com/?q=35.798149,139.541763	2026-07-17T01:43:10Z	2026-07-23T15:19:11Z	24.4	56
ur_3bd2c77158e1122f	笹塚駅前　506号室	渋谷区		UR賃貸住宅	1LDK	54㎡	54.0	171400円	171400	4820	342800	随時	渋谷区笹塚1-48-19	1980	176220	UR	5	京王線「笹塚」駅 徒歩1分	https://www.ur-net.go.jp/chintai/kanto/tokyo/20_3220_room.html?JKSS=000000506	35.674183	139.668839	https://maps.google.com/?q=35.674183,139.668839	2026-07-23T07:37:01Z	2026-07-23T15:19:11Z	5.4	20
ur_4fed81ba0ba29d20	笹塚駅前　608号室	渋谷区		UR賃貸住宅	2DK	54㎡	54.0	173000円	173000	4820	346000	随時	渋谷区笹塚1-48-19	1980	177820	UR	6	京王線「笹塚」駅 徒歩1分	https://www.ur-net.go.jp/chintai/kanto/tokyo/20_3220_room.html?JKSS=000000608	35.674183	139.668839	https://maps.google.com/?q=35.674183,139.668839	2026-07-23T09:38:16Z	2026-07-23T15:19:11Z	5.4	20
ur_7fd206a8f61de51f	藤の台　3-2号棟408号室	町田市	優先	UR賃貸住宅	2DK	40㎡	40.0	48900円	48900	3000	97800	随時	町田市藤の台1-1ほか	1971	51900	UR	4	JR横浜線「町田」駅バス18分 徒歩2～9分, JR横浜線「古淵」駅バス16分 徒歩2～9分, 小田急小田原線「鶴川」駅バス18分 徒歩2～9分	https://www.ur-net.go.jp/chintai/kanto/tokyo/20_1930_room.html?JKSS=003002408	35.569939	139.447952	https://maps.google.com/?q=35.569939,139.447952	2026-07-23T09:38:16Z	2026-07-23T15:19:11Z	31.7	68
ur_4a5dc8bc963c7025	町田山崎　2-15号棟404号室	町田市		UR賃貸住宅	2DK	41㎡	41.0	50500円	50500	4000	101000	随時	町田市山崎町2130ほか	1969	54500	UR	4	JR横浜線・小田急小田原線「町田」駅バス16～24分 徒歩1～8分, JR横浜線「古淵」駅バス11～17分 徒歩1～8分	https://www.ur-net.go.jp/chintai/kanto/tokyo/20_1670_room.html?JKSS=000215404	35.572918	139.43161	https://maps.google.com/?q=35.572918,139.43161	2026-07-23T07:37:01Z	2026-07-23T15:19:11Z	31.7	68
ur_bb946788e68eca21	鶴川　4-3号棟302号室	町田市		UR賃貸住宅	2DK	41㎡	41.0	55000円	55000	3700	110000	随時	町田市鶴川5ほか	1968	58700	UR	3	小田急小田原線「鶴川」駅バス5分 徒歩1～11分, 小田急多摩線「黒川」駅バス13分 徒歩1～11分, 京王相模原線「京王多摩センター」駅バス24分 徒歩7～14分	https://www.ur-net.go.jp/chintai/kanto/tokyo/20_1630_room.html?JKSS=000403302	35.592873	139.468033	https://maps.google.com/?q=35.592873,139.468033	2026-07-18T01:37:29Z	2026-07-23T15:19:11Z	31.7	68
ur_1cfdb08ca79aaea1	町田山崎　2-4号棟403号室	町田市		UR賃貸住宅	2DK	45㎡	45.0	55300円	55300	4000	110600	随時	町田市山崎町2130ほか	1969	59300	UR	4	JR横浜線・小田急小田原線「町田」駅バス16～24分 徒歩1～8分, JR横浜線「古淵」駅バス11～17分 徒歩1～8分	https://www.ur-net.go.jp/chintai/kanto/tokyo/20_1670_room.html?JKSS=000204403	35.572918	139.43161	https://maps.google.com/?q=35.572918,139.43161	2026-07-21T07:38:44Z	2026-07-23T15:19:11Z	31.7	68
ur_76bb4de494af90f1	鶴川　3-3号棟302号室	町田市		UR賃貸住宅	2DK	45㎡	45.0	60600円	60600	3700	121200	随時	町田市鶴川5ほか	1968	64300	UR	3	小田急小田原線「鶴川」駅バス5分 徒歩1～11分, 小田急多摩線「黒川」駅バス13分 徒歩1～11分, 京王相模原線「京王多摩センター」駅バス24分 徒歩7～14分	https://www.ur-net.go.jp/chintai/kanto/tokyo/20_1630_room.html?JKSS=000303302	35.592873	139.468033	https://maps.google.com/?q=35.592873,139.468033	2026-07-17T01:43:10Z	2026-07-23T15:19:11Z	31.7	68
ur_ee4c6f20f270b600	藤の台　1-20号棟208号室	町田市	優先	UR賃貸住宅	2DK	56㎡	56.0	74600円	74600	3000	149200	随時	町田市藤の台1-1ほか	1971	77600	UR	2	JR横浜線「町田」駅バス18分 徒歩2～9分, JR横浜線「古淵」駅バス16分 徒歩2～9分, 小田急小田原線「鶴川」駅バス18分 徒歩2～9分	https://www.ur-net.go.jp/chintai/kanto/tokyo/20_1930_room.html?JKSS=001020208	35.569939	139.447952	https://maps.google.com/?q=35.569939,139.447952	2026-07-17T01:43:10Z	2026-07-23T15:19:11Z	31.7	68
ur_c68c1196252f4fbd	町田山崎　3-2号棟406号室	町田市		UR賃貸住宅	2LDK	56㎡	56.0	63500円	63500	4000	127000	随時	町田市山崎町2130ほか	1969	67500	UR	4	JR横浜線・小田急小田原線「町田」駅バス16～24分 徒歩1～8分, JR横浜線「古淵」駅バス11～17分 徒歩1～8分	https://www.ur-net.go.jp/chintai/kanto/tokyo/20_1670_room.html?JKSS=000302406	35.572918	139.43161	https://maps.google.com/?q=35.572918,139.43161	2026-07-22T01:37:08Z	2026-07-23T15:19:11Z	31.7	68
ur_9ac98819ae0cece8	藤の台　1-18号棟306号室	町田市	優先	UR賃貸住宅	2LDK	56㎡	56.0	66100円	66100	3000	132200	随時	町田市藤の台1-1ほか	1971	69100	UR	3	JR横浜線「町田」駅バス18分 徒歩2～9分, JR横浜線「古淵」駅バス16分 徒歩2～9分, 小田急小田原線「鶴川」駅バス18分 徒歩2～9分	https://www.ur-net.go.jp/chintai/kanto/tokyo/20_1930_room.html?JKSS=001018306	35.569939	139.447952	https://maps.google.com/?q=35.569939,139.447952	2026-07-10T03:35:12Z	2026-07-23T15:19:11Z	31.7	68
ur_036fb5d181fe3d3a	町田山崎　3-5号棟204号室	町田市		UR賃貸住宅	2LDK	56㎡	56.0	69600円	69600	4000	139200	随時	町田市山崎町2130ほか	1969	73600	UR	2	JR横浜線・小田急小田原線「町田」駅バス16～24分 徒歩1～8分, JR横浜線「古淵」駅バス11～17分 徒歩1～8分	https://www.ur-net.go.jp/chintai/kanto/tokyo/20_1670_room.html?JKSS=000305204	35.572918	139.43161	https://maps.google.com/?q=35.572918,139.43161	2026-07-22T01:37:08Z	2026-07-23T15:19:11Z	31.7	68
ur_29bd60c031ef3cb0	藤の台　1-1号棟304号室	町田市	優先	UR賃貸住宅	3K	45㎡	45.0	59700円	59700	3000	119400	随時	町田市藤の台1-1ほか	1971	62700	UR	3	JR横浜線「町田」駅バス18分 徒歩2～9分, JR横浜線「古淵」駅バス16分 徒歩2～9分, 小田急小田原線「鶴川」駅バス18分 徒歩2～9分	https://www.ur-net.go.jp/chintai/kanto/tokyo/20_1930_room.html?JKSS=001001304	35.569939	139.447952	https://maps.google.com/?q=35.569939,139.447952	2026-07-17T09:38:37Z	2026-07-23T15:19:11Z	31.7	68
ur_8680474f64580196	鶴川　2-3号棟402号室	町田市		UR賃貸住宅	3K	45㎡	45.0	60600円	60600	3700	121200	随時	町田市鶴川5ほか	1968	64300	UR	4	小田急小田原線「鶴川」駅バス5分 徒歩1～11分, 小田急多摩線「黒川」駅バス13分 徒歩1～11分, 京王相模原線「京王多摩センター」駅バス24分 徒歩7～14分	https://www.ur-net.go.jp/chintai/kanto/tokyo/20_1630_room.html?JKSS=000203402	35.592873	139.468033	https://maps.google.com/?q=35.592873,139.468033	2026-07-15T01:36:45Z	2026-07-23T15:19:11Z	31.7	68
ur_017ca2dee6a5462c	鶴川　1-1号棟507号室	町田市		UR賃貸住宅	3DK	50㎡	50.0	63900円	63900	3700	127800	随時	町田市鶴川5ほか	1968	67600	UR	5	小田急小田原線「鶴川」駅バス5分 徒歩1～11分, 小田急多摩線「黒川」駅バス13分 徒歩1～11分, 京王相模原線「京王多摩センター」駅バス24分 徒歩7～14分	https://www.ur-net.go.jp/chintai/kanto/tokyo/20_1630_room.html?JKSS=000101507	35.592873	139.468033	https://maps.google.com/?q=35.592873,139.468033	2026-07-23T09:38:16Z	2026-07-23T15:19:11Z	31.7	68
ur_2c4bc73bcc92ab9b	藤の台　1-43号棟502号室	町田市	優先	UR賃貸住宅	3DK	51㎡	51.0	54200円	54200	3000	108400	随時	町田市藤の台1-1ほか	1971	57200	UR	5	JR横浜線「町田」駅バス18分 徒歩2～9分, JR横浜線「古淵」駅バス16分 徒歩2～9分, 小田急小田原線「鶴川」駅バス18分 徒歩2～9分	https://www.ur-net.go.jp/chintai/kanto/tokyo/20_1930_room.html?JKSS=001043502	35.569939	139.447952	https://maps.google.com/?q=35.569939,139.447952	2026-07-20T01:35:55Z	2026-07-23T15:19:11Z	31.7	68
ur_01909f85aaa9c952	町田山崎　3-4号棟501号室	町田市		UR賃貸住宅	3DK	56㎡	56.0	59600円	59600	4000	119200	随時	町田市山崎町2130ほか	1969	63600	UR	5	JR横浜線・小田急小田原線「町田」駅バス16～24分 徒歩1～8分, JR横浜線「古淵」駅バス11～17分 徒歩1～8分	https://www.ur-net.go.jp/chintai/kanto/tokyo/20_1670_room.html?JKSS=000304501	35.572918	139.43161	https://maps.google.com/?q=35.572918,139.43161	2026-07-20T09:35:45Z	2026-07-23T15:19:11Z	31.7	68
ur_547f9dc9a53c7c5b	ニュータウン小山田桜台　21号棟202号室	町田市		UR賃貸住宅	3LDK	70㎡	70.0	80900円	80900	4800	161800	随時	町田市小山田桜台2-4ほか	1986	85700	UR	2	JR横浜線・小田急小田原線「町田」駅バス29～32分 徒歩1～3分, JR横浜線「淵野辺」駅バス10～13分 徒歩1～3分	https://www.ur-net.go.jp/chintai/kanto/tokyo/20_3600_room.html?JKSS=000210202				2026-07-23T03:37:06Z	2026-07-23T15:19:11Z	31.7	68
ur_a37dbe9b2495950b	ニュータウン小山田桜台　13号棟302号室	町田市		UR賃貸住宅	3LDK	72㎡	72.0	79500円	79500	4800	159000	随時	町田市小山田桜台2-4ほか	1985	84300	UR	3	JR横浜線・小田急小田原線「町田」駅バス29～32分 徒歩1～3分, JR横浜線「淵野辺」駅バス10～13分 徒歩1～3分	https://www.ur-net.go.jp/chintai/kanto/tokyo/20_3600_room.html?JKSS=000130302				2026-07-18T09:36:37Z	2026-07-23T15:19:11Z	31.7	68
ur_3b07e967ab650d14	ニュータウン小山田桜台　17号棟503号室	町田市		UR賃貸住宅	3LDK	78㎡	78.0	82700円	82700	4800	165400	随時	町田市小山田桜台2-4ほか	1985	87500	UR	5	JR横浜線・小田急小田原線「町田」駅バス29～32分 徒歩1～3分, JR横浜線「淵野辺」駅バス10～13分 徒歩1～3分	https://www.ur-net.go.jp/chintai/kanto/tokyo/20_3600_room.html?JKSS=000170503				2026-07-17T01:35:08Z	2026-07-23T15:19:11Z	31.7	68
ur_f6a8fbe621412ad4	恵比寿ビュータワー　1014号室	目黒区		UR賃貸住宅	1LDK	49㎡	49.0	266900円	266900	4500	533800	随時	目黒区三田1-4-4	1995	271400	UR	10	JR山手線ほか｢恵比寿｣駅 徒歩9分	https://www.ur-net.go.jp/chintai/kanto/tokyo/20_5180_room.html?JKSS=000001014	35.642166	139.716095	https://maps.google.com/?q=35.642166,139.716095	2026-07-23T01:37:48Z	2026-07-23T15:19:11Z	6.0	19
ur_b87c47bf2bd270dc	恵比寿ビュータワー　1510号室	目黒区		UR賃貸住宅	1LDK	58㎡	58.0	325100円	325100	4500	650200	随時	目黒区三田1-4-4	1995	329600	UR	15	JR山手線ほか｢恵比寿｣駅 徒歩9分	https://www.ur-net.go.jp/chintai/kanto/tokyo/20_5180_room.html?JKSS=000001510	35.642166	139.716095	https://maps.google.com/?q=35.642166,139.716095	2026-07-20T15:12:40Z	2026-07-23T15:19:11Z	6.0	19
ur_8d088bffd1a2ece3	恵比寿ビュータワー　2510号室	目黒区		UR賃貸住宅	1LDK	58㎡	58.0	337700円	337700	4500	675400	随時	目黒区三田1-4-4	1995	342200	UR	25	JR山手線ほか｢恵比寿｣駅 徒歩9分	https://www.ur-net.go.jp/chintai/kanto/tokyo/20_5180_room.html?JKSS=000002510	35.642166	139.716095	https://maps.google.com/?q=35.642166,139.716095	2026-07-20T15:12:40Z	2026-07-23T15:19:11Z	6.0	19
ur_1a57ff9126f1c3e8	福生　10号棟205号室	福生市		UR賃貸住宅	2DK	43㎡	43.0	58000円	58000	3000	116000	随時	福生市南田園2-7ほか	1974	61000	UR	2	JR五日市線「熊川」駅 徒歩10～17分, JR青梅線「拝島」駅バス15分 徒歩2～6分, JR青梅線「福生」駅 徒歩24～30分	https://www.ur-net.go.jp/chintai/kanto/tokyo/20_2520_room.html?JKSS=000100205	35.72596	139.330063	https://maps.google.com/?q=35.72596,139.330063	2026-07-22T01:37:08Z	2026-07-23T15:19:11Z	39.7	84
ur_196e3baa63359237	福生　12号棟709号室	福生市		UR賃貸住宅	2DK	46㎡	46.0	60000円	60000	3000	120000	随時	福生市南田園2-7ほか	1974	63000	UR	7	JR五日市線「熊川」駅 徒歩10～17分, JR青梅線「拝島」駅バス15分 徒歩2～6分, JR青梅線「福生」駅 徒歩24～30分	https://www.ur-net.go.jp/chintai/kanto/tokyo/20_2520_room.html?JKSS=000120709	35.72596	139.330063	https://maps.google.com/?q=35.72596,139.330063	2026-07-17T01:35:08Z	2026-07-23T15:19:11Z	39.7	84
ur_e653c890c8e34f5b	福生　3号棟305号室	福生市		UR賃貸住宅	3DK	52㎡	52.0	64500円	64500	3000	129000	随時	福生市南田園2-7ほか	1974	67500	UR	3	JR五日市線「熊川」駅 徒歩10～17分, JR青梅線「拝島」駅バス15分 徒歩2～6分, JR青梅線「福生」駅 徒歩24～30分	https://www.ur-net.go.jp/chintai/kanto/tokyo/20_2520_room.html?JKSS=000030305	35.72596	139.330063	https://maps.google.com/?q=35.72596,139.330063	2026-07-19T09:37:20Z	2026-07-23T15:19:11Z	39.7	84
ur_f69fea12bd2a022a	多摩ニュータウン ファインヒルいなぎ ビスタノーレ向陽台　5号棟302号室	稲城市		UR賃貸住宅	3LDK	67㎡	67.0	111000円	111000	3900	222000	随時	稲城市向陽台6-11	1992	114900	UR	3	京王相模原線「稲城」駅 徒歩18～21分 またはバス4分 徒歩3～6分, JR南武線「南多摩」駅 徒歩12~16分, JR南武線「稲城長沼」駅 徒歩19～21分	https://www.ur-net.go.jp/chintai/kanto/tokyo/20_4840_room.html?JKSS=000050302	35.642452	139.491028	https://maps.google.com/?q=35.642452,139.491028	2026-07-21T09:38:48Z	2026-07-23T15:19:11Z	23.0	58
ur_c714366bf4af9f0b	多摩ニュータウン ファインヒルいなぎ 長峰・杜の一番街　3号棟503号室	稲城市		UR賃貸住宅	3LDK	77㎡	77.0	110700円	110700	5400	221400	随時	稲城市長峰3-2	1995	116100	UR	5	京王相模原線「若葉台」駅バス6分 徒歩4～6分, 京王相模原線「稲城」駅バス11分 徒歩4～6分, JR南武線「南多摩」駅 徒歩32～33分	https://www.ur-net.go.jp/chintai/kanto/tokyo/20_5290_room.html?JKSS=000030503	35.631863	139.480377	https://maps.google.com/?q=35.631863,139.480377	2026-07-20T11:41:31Z	2026-07-23T15:19:11Z	23.0	58
ur_e1e89621b9fa9dcd	多摩ニュータウン ファインヒルいなぎ ビュープラザ向陽台　2号棟819号室	稲城市		UR賃貸住宅	3LDK	96㎡	96.0	140000円	140000	3200	280000	随時	稲城市向陽台4-4-2	1990	143200	UR	8	京王相模原線「稲城」駅バス6分 徒歩6分, JR南武線「南多摩」駅 徒歩20分, JR南武線「稲城長沼」駅 徒歩26分	https://www.ur-net.go.jp/chintai/kanto/tokyo/20_4500_room.html?JKSS=000020819	35.640167	139.48381	https://maps.google.com/?q=35.640167,139.48381	2026-07-17T01:43:10Z	2026-07-23T15:19:11Z	23.0	58
ur_860ee79b503cfd59	多摩ニュータウン ファインヒルいなぎ リベレ向陽台　7号棟405号室	稲城市		UR賃貸住宅	3LDK	98㎡	98.0	131700円	131700	3000	263400	随時	稲城市向陽台5-10	1989	134700	UR	4	京王相模原線「稲城」駅バス6分 徒歩2～5分, JR南武線「南多摩」駅 徒歩20～22分, JR南武線「稲城長沼」駅 徒歩24～30分	https://www.ur-net.go.jp/chintai/kanto/tokyo/20_4190_room.html?JKSS=510070405	35.640839	139.485764	https://maps.google.com/?q=35.640839,139.485764	2026-07-22T01:37:08Z	2026-07-23T15:19:11Z	23.0	58
ur_4251789a2a482bf1	立川幸町　11号棟304号室	立川市	優先	UR賃貸住宅	1LDK	41㎡	41.0	59000円	59000	2950	118000	随時	立川市幸町4-52-1	1971	61950	UR	3	多摩都市モノレール「玉川上水」駅 徒歩15～21分, 西武拝島線「東大和市」駅 徒歩16～21分, JR中央線「立川」駅バス20分 徒歩3～6分	https://www.ur-net.go.jp/chintai/kanto/tokyo/20_2130_room.html?JKSS=000011304	35.727039	139.427322	https://maps.google.com/?q=35.727039,139.427322	2026-07-20T03:42:36Z	2026-07-23T15:19:11Z	32.0	74
3a0a60eefd09f294	富士見町 14-207	立川市	高齢	一般賃貸住宅（期限付）	2DK	34.56	34.56	44800	44800	2200	89600	即入居可	立川市富士見町６－１４	1967	47000	JKK	2		https://www.to-kousya.or.jp/chintai/reco/fujimicho.html	35.69379528	139.3943638	https://maps.google.com/?q=35.69379528,139.3943638	2026-07-17T07:03:36Z	2026-07-18T22:28:16Z	32.0	74
a677ef882cf09a3b	富士見町東 45-407	立川市	応援	一般賃貸住宅	2DK	48.32	48.32	64800	64800	2100	129600	即入居可	立川市富士見町７－４５	1978	66900	JKK	4		https://www.to-kousya.or.jp/chintai/reco/fujimichohigashi.html	35.69176395	139.3975986	https://maps.google.com/?q=35.69176395,139.3975986	2026-06-24T01:02:12Z	2026-07-18T22:28:16Z	32.0	74
a7e049f87e09183b	富士見町東 42-408	立川市	応援	一般賃貸住宅	2DK	48.32	48.32	68200	68200	2100	136400	即入居可	立川市富士見町７－４２	1978	70300	JKK	4		https://www.to-kousya.or.jp/chintai/reco/fujimichohigashi.html	35.69176395	139.3975986	https://maps.google.com/?q=35.69176395,139.3975986	2026-07-01T03:03:44Z	2026-07-18T22:28:16Z	32.0	74
ur_3a0ffa85d19d3678	立川若葉町　5号棟204号室	立川市		UR賃貸住宅	2DK	56㎡	56.0	82500円	82500	3700	165000	随時	立川市若葉町4-25-1	1971	86200	UR	2	JR中央線「立川」駅バス19分 徒歩2～9分, 西武拝島線「東大和市」駅 徒歩16～28分, 西武国分寺線「鷹の台」駅 徒歩22～32分	https://www.ur-net.go.jp/chintai/kanto/tokyo/20_2140_room.html?JKSS=000005204	35.724091	139.43663	https://maps.google.com/?q=35.724091,139.43663	2026-07-18T07:38:04Z	2026-07-23T15:19:11Z	32.0	74
ur_1b08e2e692694892	立川幸町　14号棟505号室	立川市	優先	UR賃貸住宅	2LDK	56㎡	56.0	70000円	70000	2950	140000	随時	立川市幸町4-52-1	1971	72950	UR	5	多摩都市モノレール「玉川上水」駅 徒歩15～21分, 西武拝島線「東大和市」駅 徒歩16～21分, JR中央線「立川」駅バス20分 徒歩3～6分	https://www.ur-net.go.jp/chintai/kanto/tokyo/20_2130_room.html?JKSS=000014505	35.727039	139.427322	https://maps.google.com/?q=35.727039,139.427322	2026-07-03T01:35:11Z	2026-07-23T15:19:11Z	32.0	74
ur_bd79b209df79f5c2	立川若葉町　35号棟407号室	立川市		UR賃貸住宅	3K	45㎡	45.0	64800円	64800	3700	129600	随時	立川市若葉町4-25-1	1971	68500	UR	4	JR中央線「立川」駅バス19分 徒歩2～9分, 西武拝島線「東大和市」駅 徒歩16～28分, 西武国分寺線「鷹の台」駅 徒歩22～32分	https://www.ur-net.go.jp/chintai/kanto/tokyo/20_2140_room.html?JKSS=000035407	35.724091	139.43663	https://maps.google.com/?q=35.724091,139.43663	2026-07-10T03:42:37Z	2026-07-23T15:19:11Z	32.0	74
ur_32a2f27613efb929	立川幸町　6号棟506号室	立川市	優先	UR賃貸住宅	3DK	56㎡	56.0			2950		随時	立川市幸町4-52-1	1971		UR	5	多摩都市モノレール「玉川上水」駅 徒歩15～21分, 西武拝島線「東大和市」駅 徒歩16～21分, JR中央線「立川」駅バス20分 徒歩3～6分	https://www.ur-net.go.jp/chintai/kanto/tokyo/20_2130_room.html?JKSS=000006506	35.727039	139.427322	https://maps.google.com/?q=35.727039,139.427322	2026-07-23T01:37:48Z	2026-07-23T15:19:11Z	32.0	74
ur_bd29a56e950fb09b	立川若葉町　1号棟405号室	立川市		UR賃貸住宅	3DK	56㎡	56.0	77700円	77700	3700	155400	随時	立川市若葉町4-25-1	1971	81400	UR	4	JR中央線「立川」駅バス19分 徒歩2～9分, 西武拝島線「東大和市」駅 徒歩16～28分, 西武国分寺線「鷹の台」駅 徒歩22～32分	https://www.ur-net.go.jp/chintai/kanto/tokyo/20_2140_room.html?JKSS=000001405	35.724091	139.43663	https://maps.google.com/?q=35.724091,139.43663	2026-07-10T01:39:25Z	2026-07-23T15:19:11Z	32.0	74
ur_01e92e529584e124	アートアベニュー立川　1号棟711号室	立川市		UR賃貸住宅	3LDK	73㎡	73.0	169800円	169800	5800	339600	随時	立川市曙町3-17-30	2002	175600	UR	7	JR中央線「立川」駅 徒歩15～16分, 多摩都市モノレール「立川北」駅 徒歩15～16分, JR南武線「西国立」駅 徒歩11～12分	https://www.ur-net.go.jp/chintai/kanto/tokyo/20_6440_room.html?JKSS=000010711	35.699543	139.424271	https://maps.google.com/?q=35.699543,139.424271	2026-07-22T01:37:08Z	2026-07-23T15:19:11Z	32.0	74
ur_ec7cc6c6a8ab9799	シティコート立川曙町　119号室	立川市		UR賃貸住宅	3LDK	76㎡	76.0	161700円	161700	6000	323400	随時	立川市曙町3-18-22	1999	167700	UR	1	JR中央線ほか｢立川｣駅 徒歩15分	https://www.ur-net.go.jp/chintai/kanto/tokyo/20_5930_room.html?JKSS=000000119	35.702122	139.424728	https://maps.google.com/?q=35.702122,139.424728	2026-07-22T01:37:08Z	2026-07-23T15:19:11Z	32.0	74
ur_67aeccb6749dac73	アートアベニュー立川　1号棟201号室	立川市		UR賃貸住宅	3LDK	78㎡	78.0	168600円	168600	5800	337200	随時	立川市曙町3-17-30	2002	174400	UR	2	JR中央線「立川」駅 徒歩15～16分, 多摩都市モノレール「立川北」駅 徒歩15～16分, JR南武線「西国立」駅 徒歩11～12分	https://www.ur-net.go.jp/chintai/kanto/tokyo/20_6440_room.html?JKSS=000010201	35.699543	139.424271	https://maps.google.com/?q=35.699543,139.424271	2026-07-22T01:37:08Z	2026-07-23T15:19:11Z	32.0	74
ur_cc363964ca43c751	立川一番町東　45号棟105号室	立川市		UR賃貸住宅	3LDK	84㎡	84.0	92000円	92000	4300	184000	随時	立川市一番町6-8-1ほか	1986	96300	UR	1	西武拝島線「西武立川」駅 徒歩15～19分 またはバス4分 徒歩3～7分, JR青梅線「昭島」駅バス9分 徒歩3～7分, JR中央線「立川」駅バス20分 徒歩3～7分	https://www.ur-net.go.jp/chintai/kanto/tokyo/20_3670_room.html?JKSS=000045105	35.733074	139.376099	https://maps.google.com/?q=35.733074,139.376099	2026-07-17T09:38:37Z	2026-07-23T15:19:11Z	32.0	74
ur_37307cadc5a16f56	立川一番町東　31号棟1号室	立川市		UR賃貸住宅	4LDK	92㎡	92.0			4300		随時	立川市一番町6-8-1ほか	1986		UR	1	西武拝島線「西武立川」駅 徒歩15～19分 またはバス4分 徒歩3～7分, JR青梅線「昭島」駅バス9分 徒歩3～7分, JR中央線「立川」駅バス20分 徒歩3～7分	https://www.ur-net.go.jp/chintai/kanto/tokyo/20_3670_room.html?JKSS=000310001	35.733074	139.376099	https://maps.google.com/?q=35.733074,139.376099	2026-07-04T09:37:35Z	2026-07-23T15:19:11Z	32.0	74
9428a896ff70e80b	江の島道東 7-714	立川市	高齢	一般賃貸住宅（期限付）	2DK+S	51.75	51.75	59900	59900	2100	119800	即入居可	立川市栄町５－２１－１	1962	62000	JKK	1		https://www.to-kousya.or.jp/chintai/reco/enoshimamichihigashi.html	35.71567395	139.4260992	https://maps.google.com/?q=35.71567395,139.4260992	2026-07-17T07:03:36Z	2026-07-18T22:28:16Z	32.0	74
ur_38c15de1283d834a	パークサイド石神井　1号棟406号室	練馬区		UR賃貸住宅	1DK	38㎡	38.0	102100円	102100	9900	204200	随時	練馬区石神井台3-26 ほか	1997	112000	UR	4	西武池袋線「大泉学園」駅 徒歩15～19分, 西武池袋線「大泉学園」駅バス4分 徒歩6～9分, 西武池袋線「石神井公園」駅 徒歩18～21分	https://www.ur-net.go.jp/chintai/kanto/tokyo/20_5250_room.html?JKSS=000010406	35.742489	139.589966	https://maps.google.com/?q=35.742489,139.589966	2026-07-12T09:37:24Z	2026-07-23T15:19:11Z	15.8	39
ur_c5389d11d37b1476	羽村　12号棟504号室	羽村市		UR賃貸住宅	3DK	52㎡	52.0			3500		随時	羽村市富士見平1-18ほか	1972		UR	5	JR青梅線「羽村」駅 徒歩17～20分 またはバス4分 徒歩1～5分, JR青梅線「福生」駅 徒歩37～41分	https://www.ur-net.go.jp/chintai/kanto/tokyo/20_2270_room.html?JKSS=000120504	35.765739	139.325851	https://maps.google.com/?q=35.765739,139.325851	2026-07-07T09:39:32Z	2026-07-23T15:19:11Z	41.8	96
ur_b4c37104044d34c9	青戸第一　21号棟401号室	葛飾区		UR賃貸住宅	1LDK	50㎡	50.0	138100円	138100	5600	276200	随時	葛飾区青戸3-19ほか	2001	143700	UR	4	京成本線「青砥」駅 徒歩4～9分, 京成押上線「青砥」駅 徒歩4～9分	https://www.ur-net.go.jp/chintai/kanto/tokyo/20_4911_room.html?JKSS=000210401	35.746082	139.851303	https://maps.google.com/?q=35.746082,139.851303	2026-07-23T03:44:03Z	2026-07-23T15:19:11Z	11.8	29
ur_9ef46d21633abf31	グリーンハイツ武蔵境通り　1号棟1110号室	西東京市		UR賃貸住宅	1DK	44㎡	44.0	115500円	115500	3300	231000	随時	西東京市新町1-4	1995	118800	UR	11	JR中央線「武蔵境」駅 徒歩20～22分 またはバス5分 徒歩1～4分, JR中央線「三鷹」駅バス10分 徒歩1～4分, 西武新宿線「田無」駅バス4分 徒歩2～5分	https://www.ur-net.go.jp/chintai/kanto/tokyo/20_5210_room.html?JKSS=000011110	35.715721	139.545532	https://maps.google.com/?q=35.715721,139.545532	2026-07-23T03:37:06Z	2026-07-23T15:19:11Z	20.9	54
ur_bcb94264514f55c1	ひばりが丘パークヒルズ　7-1号棟404号室	西東京市		UR賃貸住宅	1LDK	50㎡	50.0	122200円	122200	7000	244400	随時	西東京市ひばりが丘3-5、東久留米市ひばりが丘団地6ほか	2010	129200	UR	4	西武池袋線「ひばりヶ丘」駅 徒歩15～22分 またはバス3～4分 徒歩1～4分, 西武新宿線「田無」駅バス11～15分 徒歩1～4分, JR中央線「武蔵境」駅バス27～33分 徒歩1～4分	https://www.ur-net.go.jp/chintai/kanto/tokyo/20_6771_room.html?JKSS=007010404	35.74511	139.534729	https://maps.google.com/?q=35.74511,139.534729	2026-07-07T01:37:35Z	2026-07-23T15:19:11Z	20.9	54
ur_d09be94207a42029	プロムナード東伏見　76号棟602号室	西東京市		UR賃貸住宅	1LDK	52㎡	52.0	118500円	118500	6200	237000	随時	西東京市富士町1-7	2003	124700	UR	6	西武新宿線「東伏見」駅 徒歩9～13分, JR中央線「三鷹」駅バス13分 徒歩4～7分, 西武池袋線「保谷」駅バス6分 徒歩4～7分	https://www.ur-net.go.jp/chintai/kanto/tokyo/20_5490_room.html?JKSS=000760602	35.734463	139.559723	https://maps.google.com/?q=35.734463,139.559723	2026-07-21T07:38:44Z	2026-07-23T15:19:11Z	20.9	54
ur_fc63eba764143ae5	ひばりが丘パークヒルズ　5-6号棟606号室	西東京市		UR賃貸住宅	2DK	50㎡	50.0	123800円	123800	7000	247600	随時	西東京市ひばりが丘3-5、東久留米市ひばりが丘団地6ほか	2007	130800	UR	6	西武池袋線「ひばりヶ丘」駅 徒歩15～22分 またはバス3～4分 徒歩1～4分, 西武新宿線「田無」駅バス11～15分 徒歩1～4分, JR中央線「武蔵境」駅バス27～33分 徒歩1～4分	https://www.ur-net.go.jp/chintai/kanto/tokyo/20_6771_room.html?JKSS=005060606	35.74511	139.534729	https://maps.google.com/?q=35.74511,139.534729	2026-07-22T01:37:08Z	2026-07-23T15:19:11Z	20.9	54
ur_e36334b404ddda09	神代　19号棟103号室	調布市		UR賃貸住宅	2LDK	53㎡	53.0	107500円	107500	3800	215000	随時	調布市西つつじヶ丘4-23、狛江市西野川1-25	1966	111300	UR	1	京王線「つつじケ丘」駅 徒歩7～19分, 小田急小田原線「成城学園前」駅バス11～15分 徒歩1～5分, 小田急小田原線「狛江」駅バス7～9分 徒歩1～5分	https://www.ur-net.go.jp/chintai/kanto/tokyo/20_1320_room.html?JKSS=000019103	35.654198	139.573532	https://maps.google.com/?q=35.654198,139.573532	2026-07-04T01:35:13Z	2026-07-23T15:19:11Z	19.6	49
ur_ab1a4bd24e736d7a	神代　18号棟201号室	調布市		UR賃貸住宅	2LDK	55㎡	55.0	110400円	110400	3800	220800	随時	調布市西つつじヶ丘4-23、狛江市西野川1-25	1966	114200	UR	2	京王線「つつじケ丘」駅 徒歩7～19分, 小田急小田原線「成城学園前」駅バス11～15分 徒歩1～5分, 小田急小田原線「狛江」駅バス7～9分 徒歩1～5分	https://www.ur-net.go.jp/chintai/kanto/tokyo/20_1320_room.html?JKSS=000018201	35.654198	139.573532	https://maps.google.com/?q=35.654198,139.573532	2026-07-17T01:43:10Z	2026-07-23T15:19:11Z	19.6	49
ur_5e66a1406e7c01c6	神代　51号棟202号室	調布市		UR賃貸住宅	3DK	50㎡	50.0	97400円	97400	3800	194800	随時	調布市西つつじヶ丘4-23、狛江市西野川1-25	1966	101200	UR	2	京王線「つつじケ丘」駅 徒歩7～19分, 小田急小田原線「成城学園前」駅バス11～15分 徒歩1～5分, 小田急小田原線「狛江」駅バス7～9分 徒歩1～5分	https://www.ur-net.go.jp/chintai/kanto/tokyo/20_1320_room.html?JKSS=000051202	35.654198	139.573532	https://maps.google.com/?q=35.654198,139.573532	2026-07-23T07:37:01Z	2026-07-23T15:19:11Z	19.6	49
ur_f932ec1245f901ec	神代　42号棟206号室	調布市		UR賃貸住宅	3DK	50㎡	50.0	74900円～99900円	7490099900	3800	14980199800	随時	調布市西つつじヶ丘4-23、狛江市西野川1-25	1966	7490103700	UR	2	京王線「つつじケ丘」駅 徒歩7～19分, 小田急小田原線「成城学園前」駅バス11～15分 徒歩1～5分, 小田急小田原線「狛江」駅バス7～9分 徒歩1～5分	https://www.ur-net.go.jp/chintai/kanto/tokyo/20_1320_room.html?JKSS=000042206	35.654198	139.573532	https://maps.google.com/?q=35.654198,139.573532	2026-07-20T07:38:07Z	2026-07-23T15:19:11Z	19.6	49
ur_b46a24547d1028ff	神代　37号棟306号室	調布市		UR賃貸住宅	4DK	65㎡	65.0	124700円	124700	3800	249400	随時	調布市西つつじヶ丘4-23、狛江市西野川1-25	1966	128500	UR	3	京王線「つつじケ丘」駅 徒歩7～19分, 小田急小田原線「成城学園前」駅バス11～15分 徒歩1～5分, 小田急小田原線「狛江」駅バス7～9分 徒歩1～5分	https://www.ur-net.go.jp/chintai/kanto/tokyo/20_1320_room.html?JKSS=000037306	35.654198	139.573532	https://maps.google.com/?q=35.654198,139.573532	2026-07-11T07:37:41Z	2026-07-23T15:19:11Z	19.6	49
ur_1ed2c9d4a32026f1	ヴァンガードタワー　1004号室	豊島区		UR賃貸住宅	1LDK	54㎡	54.0	208800円	208800	9200	417600	随時	豊島区東池袋3-21-21	2007	218000	UR	10	JR山手線ほか｢池袋｣駅 徒歩10分, JR山手線｢大塚｣駅 徒歩11分, 東京メトロ有楽町線｢東池袋｣駅 徒歩10分	https://www.ur-net.go.jp/chintai/kanto/tokyo/20_7020_room.html?JKSS=000001004	35.731575	139.720169	https://maps.google.com/?q=35.731575,139.720169	2026-07-23T07:37:01Z	2026-07-23T15:19:11Z	7.6	18
ur_86dec567ff6e6b25	ハートアイランド新田三番街　21号棟303号室	足立区		UR賃貸住宅	1DK	51㎡	51.0	122500円	122500	7800	245000	随時	足立区新田3-35	2007	130300	UR	3	JR京浜東北・根岸線「王子」駅バス12分 徒歩1～2分, 東京メトロ南北線「王子神谷」駅 徒歩19～21分	https://www.ur-net.go.jp/chintai/kanto/tokyo/20_6980_room.html?JKSS=000210303	35.769588	139.748123	https://maps.google.com/?q=35.769588,139.748123	2026-07-22T01:37:08Z	2026-07-23T15:19:11Z	12.8	28
ur_86e9eed826131767	ハートアイランド新田三番街　21号棟405号室	足立区		UR賃貸住宅	2LDK	71㎡	71.0	153800円	153800	7800	307600	随時	足立区新田3-35	2007	161600	UR	4	JR京浜東北・根岸線「王子」駅バス12分 徒歩1～2分, 東京メトロ南北線「王子神谷」駅 徒歩19～21分	https://www.ur-net.go.jp/chintai/kanto/tokyo/20_6980_room.html?JKSS=000210405	35.769588	139.748123	https://maps.google.com/?q=35.769588,139.748123	2026-07-23T09:38:16Z	2026-07-23T15:19:11Z	12.8	28
ur_66c4fbeb7c9d7678	ハートアイランド新田一番街　3号棟805号室	足立区		UR賃貸住宅	2LDK	86㎡	86.0	178200円	178200	7600	356400	随時	足立区新田3―36	2004	185800	UR	8	JR京浜東北・根岸線「王子」駅バス13分 徒歩1～2分, 東京メトロ南北線「王子神谷」駅 徒歩19～20分	https://www.ur-net.go.jp/chintai/kanto/tokyo/20_6740_room.html?JKSS=000030805	35.771393	139.748642	https://maps.google.com/?q=35.771393,139.748642	2026-07-21T07:38:44Z	2026-07-23T15:19:11Z	12.8	28
ur_f4560fe72e5e1689	竹の塚第二　11号棟406号室	足立区		UR賃貸住宅	3DK	50㎡	50.0	92300円	92300	4800	184600	随時	足立区竹の塚1-5ほか	1965	97100	UR	4	東武伊勢崎線「竹ノ塚」駅 徒歩6～12分	https://www.ur-net.go.jp/chintai/kanto/tokyo/20_1310_room.html?JKSS=000011406	35.788174	139.788773	https://maps.google.com/?q=35.788174,139.788773	2026-07-23T05:40:23Z	2026-07-23T15:19:11Z	12.8	28
